mean_magnitude,std_magnitude,max_magnitude,mean_phase,std_phase,energy,range_peak,range_mean,range_std,doppler_mean,doppler_std,peak_power,median_magnitude,percentile_25,percentile_75,signal_entropy,zero_crossings,rms_value,peak_to_avg_ratio,kurtosis_value,doppler_centroid,doppler_bandwidth,doppler_symmetry,num_doppler_peaks,range_entropy,trunk_limb_ratio,cadence_period,cadence_strength,inst_freq_std,snr_db
0.000410,0.000214,0.001400,-0.120046,1.849290,0.001068,298.000000,0.028303,0.014597,0.000174,2.385503,0.075033,0.000386,0.000246,0.000543,12.088487,1057.500000,0.000462,3.418384,3.400644,2059.134648,1184.468112,1.014372,0.000000,8.335908,0.052562,39.000000,0.041271,1.501088,12.574666
0.000402,0.000210,0.001215,0.143052,1.834730,0.001027,361.000000,0.027379,0.014722,0.000000,2.378832,0.076660,0.000377,0.000246,0.000534,12.084860,1021.000000,0.000453,3.027059,3.016690,2057.072695,1177.281513,1.012189,0.000000,8.328713,0.053723,18.000000,0.052329,1.501783,13.013160
0.000402,0.000206,0.001338,0.131705,1.831634,0.001019,164.000000,0.029244,0.015506,-0.000179,2.388659,0.085758,0.000377,0.000246,0.000533,12.092497,1090.500000,0.000452,3.330460,3.199977,2030.114440,1188.537151,1.019168,0.000000,8.338131,0.054224,61.000000,0.028722,1.520553,12.670815
0.000408,0.000211,0.001496,-0.052431,1.853569,0.001054,194.000000,0.030793,0.015298,-0.000737,2.368230,0.075169,0.000384,0.000246,0.000543,12.088709,993.500000,0.000459,3.668758,3.137140,2033.700247,1192.173424,1.017810,0.000000,8.356592,0.058334,47.000000,0.038762,1.465077,12.829149
0.000404,0.000212,0.002098,-0.016266,1.811975,0.001039,283.000000,0.030412,0.015972,-0.000405,2.324580,0.082642,0.000375,0.000246,0.000534,12.085872,1084.000000,0.000456,5.196629,3.846405,2054.237077,1193.197755,1.019957,0.000000,8.340784,0.054948,51.000000,0.033026,1.524684,13.079656
0.000401,0.000207,0.001189,0.009860,1.873323,0.001017,268.000000,0.029012,0.015266,0.000039,2.416125,0.083325,0.000377,0.000246,0.000533,12.088759,1097.500000,0.000451,2.967793,3.004673,2028.575233,1185.670087,0.983373,0.000000,8.342667,0.054158,15.000000,0.027007,1.525614,12.953039
0.000404,0.000206,0.001245,-0.082733,1.809717,0.001031,9.000000,0.028521,0.014735,-0.000538,2.338029,0.074834,0.000377,0.000252,0.000533,12.096475,1066.000000,0.000454,3.078334,3.163112,2043.239003,1180.621424,0.987506,0.000000,8.348922,0.055453,61.000000,0.018866,1.499454,12.376336
0.000589,0.000448,0.002675,0.075360,1.849152,0.002741,345.000000,0.039384,0.020820,0.000197,2.529600,0.106380,0.000458,0.000281,0.000723,11.925149,1309.500000,0.000740,4.538652,4.867462,2036.017824,1151.757872,0.976096,0.000000,8.337769,0.041309,142.000000,0.454793,1.827947,15.877485
0.000403,0.000211,0.001463,0.075768,1.772756,0.001034,286.000000,0.029504,0.015786,0.000416,2.289293,0.080421,0.000382,0.000246,0.000527,12.085929,1081.000000,0.000455,3.629537,3.284600,2056.732247,1198.335472,1.006563,0.000000,8.332385,0.053358,74.000000,0.038720,1.502235,12.977186
0.000408,0.000211,0.001293,-0.023859,1.902433,0.001054,166.000000,0.029233,0.015130,-0.000824,2.408600,0.082755,0.000377,0.000246,0.000541,12.089709,1080.500000,0.000459,3.172978,3.065044,2039.328834,1178.265900,1.000638,0.000000,8.345012,0.051289,92.000000,0.029971,1.498337,12.747675
0.000403,0.000211,0.001347,0.016311,1.774692,0.001035,38.000000,0.029082,0.014892,-0.000123,2.268841,0.087843,0.000377,0.000246,0.000534,12.086845,1053.000000,0.000455,3.343341,3.193210,2037.547317,1185.576174,0.990786,0.000000,8.355332,0.055790,56.000000,0.025583,1.500542,12.609185
0.000410,0.000211,0.001450,0.123515,1.902326,0.001063,214.000000,0.028591,0.015052,-0.000536,2.455286,0.093756,0.000388,0.000246,0.000540,12.093860,966.000000,0.000461,3.537587,3.309228,2074.905298,1186.779904,1.001670,0.000000,8.346394,0.051673,37.000000,0.049526,1.483013,12.366056
0.000254,0.000279,0.001518,0.022095,1.296996,0.000711,143.000000,0.024898,0.012809,0.000073,1.838161,0.072805,0.000193,0.000000,0.000454,11.302053,747.000000,0.000377,5.974711,2.977828,2018.291927,1182.637417,0.989048,0.000000,8.348428,0.058898,0.000000,0.000000,1.348667,31.531232
0.000426,0.000243,0.002200,0.068500,1.810356,0.001204,274.000000,0.031967,0.016482,0.000108,2.360815,0.100461,0.000398,0.000246,0.000557,12.060183,1097.500000,0.000491,5.163038,6.074950,2051.723152,1203.873744,0.919680,0.000000,8.349990,0.057329,46.000000,0.116033,1.536972,13.639556
0.000410,0.000216,0.001311,0.021805,1.767114,0.001073,140.000000,0.028639,0.014613,-0.000740,2.275335,0.081721,0.000382,0.000246,0.000550,12.084340,1034.500000,0.000463,3.195839,3.189721,2041.050506,1176.088268,0.996969,0.000000,8.352863,0.055502,32.000000,0.046750,1.474254,12.944626
0.000403,0.000212,0.001257,-0.004137,1.894054,0.001037,67.000000,0.027862,0.013991,0.000543,2.458771,0.078121,0.000373,0.000244,0.000534,12.085179,1064.500000,0.000455,3.117046,3.071636,2074.696237,1181.840541,0.986445,0.000000,8.357176,0.054871,20.000000,0.044464,1.542397,12.886008
0.000414,0.000222,0.001407,0.329882,1.822623,0.001102,22.000000,0.029876,0.014405,-0.000802,2.404762,0.082940,0.000386,0.000246,0.000550,12.077052,1040.500000,0.000469,3.402214,3.356839,2066.042613,1184.257811,0.991196,0.000000,8.374016,0.053631,30.000000,0.053597,1.553504,13.254741
0.000412,0.000220,0.001473,0.002647,1.896982,0.001090,348.000000,0.027429,0.014855,-0.000720,2.488094,0.075629,0.000382,0.000246,0.000550,12.079174,1109.000000,0.000467,3.574290,3.179601,2077.009943,1172.944356,0.992710,0.000000,8.331397,0.050094,41.000000,0.040943,1.550230,13.116447
0.000399,0.000208,0.001313,-0.079988,1.831017,0.001011,109.000000,0.026764,0.013459,-0.000075,2.342095,0.067177,0.000369,0.000246,0.000527,12.089637,1068.500000,0.000450,3.292093,3.238912,2052.724219,1170.290474,0.999097,0.000000,8.353283,0.052693,66.000000,0.030377,1.500042,12.443377
0.000398,0.000207,0.001355,-0.036561,1.892250,0.001006,114.000000,0.028622,0.015388,-0.000481,2.466678,0.082873,0.000373,0.000244,0.000533,12.088020,1039.500000,0.000448,3.403088,3.153281,2041.185165,1190.019942,0.990241,0.000000,8.334322,0.054922,5.000000,0.054558,1.503000,12.996204
0.000409,0.000213,0.001446,0.176433,1.715043,0.001063,328.000000,0.028510,0.014512,-0.000131,2.196993,0.083016,0.000386,0.000246,0.000550,12.086050,1103.000000,0.000461,3.537311,3.156809,2043.310058,1184.532053,0.980945,0.000000,8.353733,0.056139,40.000000,0.044396,1.490014,13.075658
0.000401,0.000205,0.001347,0.084250,1.898469,0.001014,364.000000,0.027114,0.014592,-0.000579,2.484162,0.073950,0.000373,0.000246,0.000533,12.093876,1052.500000,0.000450,3.362539,3.190271,2073.473771,1194.247998,0.969477,0.000000,8.334705,0.052033,34.000000,0.025382,1.518808,12.593741
0.000408,0.000211,0.001363,-0.039041,1.861102,0.001054,138.000000,0.026679,0.014257,0.000536,2.343031,0.073816,0.000377,0.000246,0.000543,12.090906,1081.000000,0.000459,3.341563,3.070799,2082.357677,1175.755219,0.988626,0.000000,8.334832,0.047013,65.000000,0.034892,1.493032,12.476379
0.000399,0.000210,0.001258,-0.210330,1.880572,0.001017,99.000000,0.026750,0.014130,0.000833,2.416945,0.075279,0.000371,0.000246,0.000527,12.084530,1089.000000,0.000451,3.152361,3.175886,2041.941977,1182.388445,0.984833,0.000000,8.341030,0.052988,16.000000,0.037740,1.505825,12.965052
0.000439,0.000237,0.001448,0.108501,1.815863,0.001246,306.000000,0.031056,0.017490,-0.000121,2.444375,0.092252,0.000401,0.000263,0.000583,12.076705,1192.000000,0.000499,3.296094,3.423154,2032.570387,1178.172274,1.017795,0.000000,8.313934,0.048868,34.000000,0.081089,1.658181,13.114468
0.000490,0.000445,0.003287,0.190712,1.795489,0.002190,348.000000,0.044035,0.025107,-0.000041,2.350598,0.124643,0.000391,0.000246,0.000560,11.875852,1158.500000,0.000662,6.710571,14.735605,2083.198362,1229.109871,1.132862,0.000000,8.311545,0.051322,17.000000,0.563198,1.627137,15.745797
0.000666,0.000667,0.006099,-0.139940,1.723767,0.004441,220.000000,0.060150,0.031443,-0.000144,2.349596,0.169521,0.000440,0.000281,0.000705,11.748150,1226.000000,0.000942,9.162571,7.949966,2012.103344,1180.166315,0.913242,0.000000,8.350807,0.059965,226.000000,0.445835,1.743792,18.431118
0.000397,0.000206,0.001255,0.029992,1.783998,0.001000,153.000000,0.029346,0.013800,-0.000358,2.332381,0.079706,0.000371,0.000244,0.000527,12.088865,1047.000000,0.000447,3.162233,3.208490,2040.014203,1189.422246,1.015737,0.000000,8.378711,0.052612,56.000000,0.033700,1.498781,12.826368
0.000403,0.000212,0.001407,-0.015038,1.820821,0.001038,152.000000,0.028615,0.014812,0.000304,2.323764,0.074288,0.000373,0.000246,0.000541,12.084624,1041.500000,0.000456,3.489607,3.373247,2022.595898,1171.722665,1.016414,0.000000,8.344229,0.052607,14.000000,0.048794,1.493998,12.916472
0.000406,0.000210,0.001429,0.122014,1.830409,0.001045,273.000000,0.027741,0.014381,0.001024,2.329378,0.078355,0.000386,0.000246,0.000541,12.089281,1073.500000,0.000457,3.521382,3.146887,2032.702291,1185.624634,1.005702,0.000000,8.348995,0.054115,36.000000,0.040002,1.495245,12.768496
0.000409,0.000213,0.001395,0.034077,1.809189,0.001061,35.000000,0.028937,0.014834,-0.000649,2.316996,0.076553,0.000382,0.000246,0.000543,12.089980,1025.500000,0.000461,3.412247,3.275012,2051.166085,1173.888162,1.042147,0.000000,8.348601,0.051949,26.000000,0.043728,1.473504,12.529154
0.000404,0.000211,0.001377,-0.037086,1.858376,0.001037,251.000000,0.029057,0.014225,0.000279,2.377964,0.086347,0.000377,0.000246,0.000540,12.086765,1039.500000,0.000455,3.411415,3.096823,2059.964480,1179.156645,1.012736,0.000000,8.372671,0.049447,5.000000,0.063500,1.481625,12.852225
0.000396,0.000207,0.001365,0.062247,1.895175,0.000997,99.000000,0.028286,0.014738,-0.000367,2.457163,0.085313,0.000371,0.000238,0.000522,12.088107,1067.000000,0.000447,3.449658,3.371214,2049.231215,1182.215824,1.025658,0.000000,8.346939,0.051252,21.000000,0.035064,1.520538,12.546976
0.000399,0.000211,0.001331,0.187938,1.745278,0.001020,164.000000,0.026229,0.014015,-0.000894,2.262876,0.070260,0.000369,0.000244,0.000533,12.083055,1065.000000,0.000452,3.332432,3.351416,2089.245257,1184.387437,1.003871,0.000000,8.330769,0.048712,93.000000,0.026269,1.506115,12.886852
0.000243,0.000263,0.001511,0.109678,1.405619,0.000639,324.000000,0.021936,0.011319,-0.000142,1.803010,0.066960,0.000193,0.000000,0.000432,11.317084,583.000000,0.000357,6.225362,2.971610,2071.992457,1184.861214,0.964483,0.000000,8.350524,0.050932,0.000000,0.000000,1.101584,31.064997
0.000393,0.000205,0.001283,-0.020625,1.832297,0.000983,218.000000,0.028248,0.015142,0.000571,2.374413,0.088534,0.000369,0.000238,0.000522,12.085574,1048.500000,0.000443,3.265674,3.165665,2066.585577,1192.029653,0.979634,0.000000,8.335613,0.056558,38.000000,0.043949,1.508408,12.984101
0.000538,0.000383,0.002417,0.180645,1.876883,0.002181,169.000000,0.036211,0.019533,-0.000928,2.551620,0.104187,0.000433,0.000276,0.000678,11.961615,1267.000000,0.000660,4.493495,4.983714,2087.834503,1176.385699,0.980704,0.000000,8.335255,0.049753,20.000000,0.437162,1.790522,15.244054
0.000406,0.000210,0.001351,-0.033193,1.771966,0.001047,301.000000,0.027986,0.014013,0.000000,2.285400,0.078491,0.000382,0.000246,0.000541,12.089654,1024.500000,0.000458,3.326112,3.153023,2077.224785,1185.623481,1.000689,0.000000,8.357187,0.047307,60.000000,0.026373,1.487872,12.869518
0.000398,0.000210,0.001298,0.050552,1.827740,0.001015,49.000000,0.027515,0.014590,0.000600,2.329044,0.074740,0.000371,0.000238,0.000527,12.083020,1073.000000,0.000451,3.258577,3.267928,2082.615893,1180.441197,0.993259,0.000000,8.338871,0.050400,25.000000,0.050212,1.501140,12.815276
0.000400,0.000211,0.001373,-0.084725,1.819177,0.001023,107.000000,0.028720,0.015844,-0.000909,2.332586,0.079996,0.000373,0.000244,0.000525,12.086557,1038.000000,0.000452,3.431306,3.448155,2041.844469,1187.166885,0.981326,0.000000,8.320873,0.055515,29.000000,0.040031,1.494777,12.581464
0.000453,0.000250,0.001554,0.034998,1.834747,0.001336,287.000000,0.030624,0.015580,0.000041,2.476602,0.080263,0.000415,0.000263,0.000601,12.067420,1248.000000,0.000517,3.433937,3.552642,2065.182686,1180.728029,0.969317,0.000000,8.345605,0.048017,104.000000,0.089926,1.702554,13.534126
0.000411,0.000214,0.001355,-0.146801,1.865288,0.001072,338.000000,0.028215,0.015764,-0.001065,2.436895,0.074335,0.000386,0.000246,0.000550,12.088045,1020.000000,0.000463,3.301295,3.171815,2039.231369,1179.229494,1.022920,0.000000,8.316139,0.048781,3.000000,0.067698,1.489046,12.747250
0.000407,0.000215,0.001447,0.015781,1.792397,0.001060,355.000000,0.028631,0.014287,0.000530,2.302906,0.083136,0.000382,0.000246,0.000540,12.084657,1017.500000,0.000460,3.553492,3.433702,2055.003632,1174.792405,1.010970,0.000000,8.357207,0.051779,79.000000,0.045018,1.475556,12.803682
0.000437,0.000236,0.001748,-0.021658,1.736905,0.001235,88.000000,0.033427,0.016782,-0.000062,2.372572,0.096853,0.000409,0.000261,0.000583,12.074967,1197.500000,0.000497,3.995759,3.488461,2019.430597,1175.297229,1.032859,0.000000,8.356251,0.056983,32.000000,0.094148,1.682632,13.385636
0.000417,0.000218,0.001455,0.107642,1.772306,0.001109,94.000000,0.027298,0.015192,-0.000270,2.274497,0.078076,0.000391,0.000252,0.000553,12.088140,980.500000,0.000471,3.485043,3.409140,2069.662791,1178.625950,0.968444,0.000000,8.320106,0.049098,33.000000,0.035726,1.447928,12.599034
0.000404,0.000212,0.001547,0.039486,1.936593,0.001040,179.000000,0.028263,0.015768,0.000052,2.467550,0.098409,0.000377,0.000244,0.000541,12.084082,1066.000000,0.000456,3.833402,3.342975,2039.189373,1180.907804,0.990106,0.000000,8.326581,0.053317,60.000000,0.022991,1.507529,12.984228
0.000410,0.000218,0.001597,0.177704,1.772267,0.001079,112.000000,0.027276,0.014318,-0.000943,2.296002,0.086858,0.000386,0.000246,0.000543,12.081927,1072.500000,0.000464,3.892409,3.401438,2076.832744,1187.838847,0.978911,0.000000,8.341467,0.050752,24.000000,0.060140,1.525695,12.906687
0.000399,0.000203,0.001247,-0.009761,1.869418,0.001000,8.000000,0.029391,0.014808,0.000261,2.397532,0.076409,0.000373,0.000246,0.000522,12.098048,1068.500000,0.000447,3.126906,3.195979,2053.786399,1187.033663,1.013078,0.000000,8.357660,0.058258,108.000000,0.037346,1.521703,12.278327
0.000396,0.000209,0.001228,0.064924,1.819206,0.001003,240.000000,0.030199,0.015435,-0.000370,2.327339,0.101061,0.000367,0.000238,0.000533,12.083698,1071.000000,0.000448,3.100310,2.996974,2028.426169,1188.596404,1.009309,0.000000,8.350762,0.056166,43.000000,0.025663,1.515715,12.850858
0.000406,0.000211,0.001367,0.169565,1.795432,0.001046,84.000000,0.026567,0.013778,-0.001104,2.330343,0.077683,0.000382,0.000246,0.000534,12.087914,1027.000000,0.000457,3.367205,3.243070,2071.188589,1180.227918,0.990009,0.000000,8.344938,0.046797,59.000000,0.027639,1.491456,12.953497
